Н,а,з,в,а,н,и,е, ,в,а,к,а,н,с,и,и
К,о,м,п,а,н,и,я
З,а,р,п,л,а,т,а
С,с,ы,л,к,а, ,н,а, ,в,а,к,а,н,с,и,ю
Финансовый менеджер,ООО Сантехслон,85 000 – 90 000 ₽ на руки,https://hh.ru/vacancy/104372673?query=%D1%84%D0%B8%D0%BD%D0%B0%D0%BD%D1%81%D0%BE%D0%B2%D1%8B%D0%B9+%D0%BC%D0%B5%D0%BD%D0%B5%D0%B4%D0%B6%D0%B5%D1%80&hhtmFrom=vacancy_search_list
Финансовый менеджер,ИП Мухутдинова Лейсан Ленаровна,30 000 – 35 000 ₽ на руки,https://hh.ru/vacancy/103168727?query=%D1%84%D0%B8%D0%BD%D0%B0%D0%BD%D1%81%D0%BE%D0%B2%D1%8B%D0%B9+%D0%BC%D0%B5%D0%BD%D0%B5%D0%B4%D0%B6%D0%B5%D1%80&hhtmFrom=vacancy_search_list
Финансовый менеджер,Fusion group,120 000 – 150 000 ₽ на руки,https://hh.ru/vacancy/104458378?query=%D1%84%D0%B8%D0%BD%D0%B0%D0%BD%D1%81%D0%BE%D0%B2%D1%8B%D0%B9+%D0%BC%D0%B5%D0%BD%D0%B5%D0%B4%D0%B6%D0%B5%D1%80&hhtmFrom=vacancy_search_list
Финансовый менеджер,BML,200 000 – 250 000 ₽ на руки,https://hh.ru/vacancy/104064646?query=%D1%84%D0%B8%D0%BD%D0%B0%D0%BD%D1%81%D0%BE%D0%B2%D1%8B%D0%B9+%D0%BC%D0%B5%D0%BD%D0%B5%D0%B4%D0%B6%D0%B5%D1%80&hhtmFrom=vacancy_search_list
Финансовый менеджер (junior+) / Бухгалтер с функциями финансового менеджера,ИП Котоусов Иван Евгеньевич,до 700 $ на руки,https://hh.ru/vacancy/104389069?query=%D1%84%D0%B8%D0%BD%D0%B0%D0%BD%D1%81%D0%BE%D0%B2%D1%8B%D0%B9+%D0%BC%D0%B5%D0%BD%D0%B5%D0%B4%D0%B6%D0%B5%D1%80&hhtmFrom=vacancy_search_list
Финансовый менеджер,ИП Меню недели,от 50 000 ₽ на руки,https://hh.ru/vacancy/103624532?query=%D1%84%D0%B8%D0%BD%D0%B0%D0%BD%D1%81%D0%BE%D0%B2%D1%8B%D0%B9+%D0%BC%D0%B5%D0%BD%D0%B5%D0%B4%D0%B6%D0%B5%D1%80&hhtmFrom=vacancy_search_list
Финансовый менеджер,Химчистка BIANCA,от 200 000 ₽ на руки,https://hh.ru/vacancy/104355396?query=%D1%84%D0%B8%D0%BD%D0%B0%D0%BD%D1%81%D0%BE%D0%B2%D1%8B%D0%B9+%D0%BC%D0%B5%D0%BD%D0%B5%D0%B4%D0%B6%D0%B5%D1%80&hhtmFrom=vacancy_search_list
Финансовый менеджер/ финансовый аналитик,ООО Буличенко Групп,50 000 – 80 000 ₽ на руки,https://hh.ru/vacancy/104221791?query=%D1%84%D0%B8%D0%BD%D0%B0%D0%BD%D1%81%D0%BE%D0%B2%D1%8B%D0%B9+%D0%BC%D0%B5%D0%BD%D0%B5%D0%B4%D0%B6%D0%B5%D1%80&hhtmFrom=vacancy_search_list
Финансовый менеджер,Appie.tech,до 65 000 ₽ на руки,https://hh.ru/vacancy/103998723?query=%D1%84%D0%B8%D0%BD%D0%B0%D0%BD%D1%81%D0%BE%D0%B2%D1%8B%D0%B9+%D0%BC%D0%B5%D0%BD%D0%B5%D0%B4%D0%B6%D0%B5%D1%80&hhtmFrom=vacancy_search_list
Финансовый менеджер,ООО Велта Ойл,до 150 000 ₽ на руки,https://hh.ru/vacancy/104537106?query=%D1%84%D0%B8%D0%BD%D0%B0%D0%BD%D1%81%D0%BE%D0%B2%D1%8B%D0%B9+%D0%BC%D0%B5%D0%BD%D0%B5%D0%B4%D0%B6%D0%B5%D1%80&hhtmFrom=vacancy_search_list
Финансовый менеджер / Финансист,FinFort,от 150 000 ₽ на руки,https://hh.ru/vacancy/98599194?query=%D1%84%D0%B8%D0%BD%D0%B0%D0%BD%D1%81%D0%BE%D0%B2%D1%8B%D0%B9+%D0%BC%D0%B5%D0%BD%D0%B5%D0%B4%D0%B6%D0%B5%D1%80&hhtmFrom=vacancy_search_list
Финансовый менеджер,LONSTIN,до 60 000 ₽ на руки,https://hh.ru/vacancy/104233997?query=%D1%84%D0%B8%D0%BD%D0%B0%D0%BD%D1%81%D0%BE%D0%B2%D1%8B%D0%B9+%D0%BC%D0%B5%D0%BD%D0%B5%D0%B4%D0%B6%D0%B5%D1%80&hhtmFrom=vacancy_search_list
Финансовый менеджер,ООО Симпл Вэй Групп,130 000 – 180 000 ₽ на руки,https://hh.ru/vacancy/103625373?query=%D1%84%D0%B8%D0%BD%D0%B0%D0%BD%D1%81%D0%BE%D0%B2%D1%8B%D0%B9+%D0%BC%D0%B5%D0%BD%D0%B5%D0%B4%D0%B6%D0%B5%D1%80&hhtmFrom=vacancy_search_list
Старший финансовый менеджер,АО Холдинговая компания АлфиГрупп,от 220 000 ₽ на руки,https://hh.ru/vacancy/104581490?query=%D1%84%D0%B8%D0%BD%D0%B0%D0%BD%D1%81%D0%BE%D0%B2%D1%8B%D0%B9+%D0%BC%D0%B5%D0%BD%D0%B5%D0%B4%D0%B6%D0%B5%D1%80&hhtmFrom=vacancy_search_list
Финансовый менеджер в онлайн-школу,BIRCH,60 000 – 80 000 ₽ на руки,https://hh.ru/vacancy/104011145?query=%D1%84%D0%B8%D0%BD%D0%B0%D0%BD%D1%81%D0%BE%D0%B2%D1%8B%D0%B9+%D0%BC%D0%B5%D0%BD%D0%B5%D0%B4%D0%B6%D0%B5%D1%80&hhtmFrom=vacancy_search_list
Финансовый менеджер,Кадровое агентство BWG,80 000 – 100 000 ₽ на руки,https://hh.ru/vacancy/104475663?query=%D1%84%D0%B8%D0%BD%D0%B0%D0%BD%D1%81%D0%BE%D0%B2%D1%8B%D0%B9+%D0%BC%D0%B5%D0%BD%D0%B5%D0%B4%D0%B6%D0%B5%D1%80&hhtmFrom=vacancy_search_list
Финансовый менеджер,ООО Ретерра,от 180 000 ₽ на руки,https://hh.ru/vacancy/103475608?query=%D1%84%D0%B8%D0%BD%D0%B0%D0%BD%D1%81%D0%BE%D0%B2%D1%8B%D0%B9+%D0%BC%D0%B5%D0%BD%D0%B5%D0%B4%D0%B6%D0%B5%D1%80&hhtmFrom=vacancy_search_list
Менеджер в финансовый отдел,ООО Корпорация Юджиэл,120 000 – 130 000 ₽ на руки,https://hh.ru/vacancy/104584262?query=%D1%84%D0%B8%D0%BD%D0%B0%D0%BD%D1%81%D0%BE%D0%B2%D1%8B%D0%B9+%D0%BC%D0%B5%D0%BD%D0%B5%D0%B4%D0%B6%D0%B5%D1%80&hhtmFrom=vacancy_search_list
Финансовый менеджер,ООО Латрек,120 000 – 150 000 ₽ на руки,https://hh.ru/vacancy/104581328?query=%D1%84%D0%B8%D0%BD%D0%B0%D0%BD%D1%81%D0%BE%D0%B2%D1%8B%D0%B9+%D0%BC%D0%B5%D0%BD%D0%B5%D0%B4%D0%B6%D0%B5%D1%80&hhtmFrom=vacancy_search_list
Финансовый менеджер вайлдберриз (удаленно),ИП Зверев Даниил Эдуардович,70 000 – 120 000 ₽ на руки,https://hh.ru/vacancy/103016348?query=%D1%84%D0%B8%D0%BD%D0%B0%D0%BD%D1%81%D0%BE%D0%B2%D1%8B%D0%B9+%D0%BC%D0%B5%D0%BD%D0%B5%D0%B4%D0%B6%D0%B5%D1%80&hhtmFrom=vacancy_search_list
Финансовый менеджер,ИП Голубцова Анна Сергеевна,100 000 – 130 000 ₽ на руки,https://hh.ru/vacancy/104339748?query=%D1%84%D0%B8%D0%BD%D0%B0%D0%BD%D1%81%D0%BE%D0%B2%D1%8B%D0%B9+%D0%BC%D0%B5%D0%BD%D0%B5%D0%B4%D0%B6%D0%B5%D1%80&hhtmFrom=vacancy_search_list
Финансовый менеджер,ООО Книт,100 000 – 150 000 ₽ на руки,https://hh.ru/vacancy/104536069?query=%D1%84%D0%B8%D0%BD%D0%B0%D0%BD%D1%81%D0%BE%D0%B2%D1%8B%D0%B9+%D0%BC%D0%B5%D0%BD%D0%B5%D0%B4%D0%B6%D0%B5%D1%80&hhtmFrom=vacancy_search_list
Финансовый менеджер / Специалист финансового отдела / Финансист,Кадровое агентство BWG,110 000 – 150 000 ₽ на руки,https://hh.ru/vacancy/104583169?query=%D1%84%D0%B8%D0%BD%D0%B0%D0%BD%D1%81%D0%BE%D0%B2%D1%8B%D0%B9+%D0%BC%D0%B5%D0%BD%D0%B5%D0%B4%D0%B6%D0%B5%D1%80&hhtmFrom=vacancy_search_list
Финансовый менеджер,ИП Синицкий Максим Александрович,от 50 000 ₽ на руки,https://hh.ru/vacancy/103663065?query=%D1%84%D0%B8%D0%BD%D0%B0%D0%BD%D1%81%D0%BE%D0%B2%D1%8B%D0%B9+%D0%BC%D0%B5%D0%BD%D0%B5%D0%B4%D0%B6%D0%B5%D1%80&hhtmFrom=vacancy_search_list
Финансовый менеджер,Полякова Юлия Александровна,от 250 000 ₽ на руки,https://hh.ru/vacancy/103492136?query=%D1%84%D0%B8%D0%BD%D0%B0%D0%BD%D1%81%D0%BE%D0%B2%D1%8B%D0%B9+%D0%BC%D0%B5%D0%BD%D0%B5%D0%B4%D0%B6%D0%B5%D1%80&hhtmFrom=vacancy_search_list
Главный финансовый менеджер,ООО ПСБ Бизнес,до 200 000 ₽ до вычета налогов,https://hh.ru/vacancy/104335931?query=%D1%84%D0%B8%D0%BD%D0%B0%D0%BD%D1%81%D0%BE%D0%B2%D1%8B%D0%B9+%D0%BC%D0%B5%D0%BD%D0%B5%D0%B4%D0%B6%D0%B5%D1%80&hhtmFrom=vacancy_search_list
Финансовый менеджер,ООО Ходынский Парк,150 000 – 173 000 ₽ до вычета налогов,https://hh.ru/vacancy/103520970?query=%D1%84%D0%B8%D0%BD%D0%B0%D0%BD%D1%81%D0%BE%D0%B2%D1%8B%D0%B9+%D0%BC%D0%B5%D0%BD%D0%B5%D0%B4%D0%B6%D0%B5%D1%80&hhtmFrom=vacancy_search_list
Финансовый менеджер по работе с банками и казначейством,АО СЗ ПСК НПО Машиностроения,от 117 000 ₽ на руки,https://hh.ru/vacancy/104003649?query=%D1%84%D0%B8%D0%BD%D0%B0%D0%BD%D1%81%D0%BE%D0%B2%D1%8B%D0%B9+%D0%BC%D0%B5%D0%BD%D0%B5%D0%B4%D0%B6%D0%B5%D1%80&hhtmFrom=vacancy_search_list
Финансовый менеджер,ООО Авторитэйл М,от 150 000 ₽ до вычета налогов,https://hh.ru/vacancy/104536314?query=%D1%84%D0%B8%D0%BD%D0%B0%D0%BD%D1%81%D0%BE%D0%B2%D1%8B%D0%B9+%D0%BC%D0%B5%D0%BD%D0%B5%D0%B4%D0%B6%D0%B5%D1%80&hhtmFrom=vacancy_search_list
Финансист/ Финансовый менеджер,ООО ПСК Магистраль Констракшн,110 000 – 120 000 ₽ на руки,https://hh.ru/vacancy/104452260?query=%D1%84%D0%B8%D0%BD%D0%B0%D0%BD%D1%81%D0%BE%D0%B2%D1%8B%D0%B9+%D0%BC%D0%B5%D0%BD%D0%B5%D0%B4%D0%B6%D0%B5%D1%80&hhtmFrom=vacancy_search_list
Финансовый менеджер,ГК РИНАКО,от 130 000 ₽ на руки,https://hh.ru/vacancy/96493586?query=%D1%84%D0%B8%D0%BD%D0%B0%D0%BD%D1%81%D0%BE%D0%B2%D1%8B%D0%B9+%D0%BC%D0%B5%D0%BD%D0%B5%D0%B4%D0%B6%D0%B5%D1%80&hhtmFrom=vacancy_search_list
Финансовый менеджер,Дубровник,150 000 – 150 000 ₽ на руки,https://hh.ru/vacancy/104413396?query=%D1%84%D0%B8%D0%BD%D0%B0%D0%BD%D1%81%D0%BE%D0%B2%D1%8B%D0%B9+%D0%BC%D0%B5%D0%BD%D0%B5%D0%B4%D0%B6%D0%B5%D1%80&hhtmFrom=vacancy_search_list
Финансовый аналитик/Финансовый менеджер,Бюро Найма,120 000 – 150 000 ₽ на руки,https://hh.ru/vacancy/102652307?query=%D1%84%D0%B8%D0%BD%D0%B0%D0%BD%D1%81%D0%BE%D0%B2%D1%8B%D0%B9+%D0%BC%D0%B5%D0%BD%D0%B5%D0%B4%D0%B6%D0%B5%D1%80&hhtmFrom=vacancy_search_list
Финансовый менеджер,ООО Бытпласт,120 000 – 140 000 ₽ до вычета налогов,https://hh.ru/vacancy/103364647?query=%D1%84%D0%B8%D0%BD%D0%B0%D0%BD%D1%81%D0%BE%D0%B2%D1%8B%D0%B9+%D0%BC%D0%B5%D0%BD%D0%B5%D0%B4%D0%B6%D0%B5%D1%80&hhtmFrom=vacancy_search_list
Финансовый менеджер в юридическую фирму,ООО Мэджик Стафф,180 000 – 200 000 ₽ на руки,https://hh.ru/vacancy/103530418?query=%D1%84%D0%B8%D0%BD%D0%B0%D0%BD%D1%81%D0%BE%D0%B2%D1%8B%D0%B9+%D0%BC%D0%B5%D0%BD%D0%B5%D0%B4%D0%B6%D0%B5%D1%80&hhtmFrom=vacancy_search_list
Финансовый менеджер (онлайн-школа),Ameli Soul,от 100 000 ₽ на руки,https://hh.ru/vacancy/103123974?query=%D1%84%D0%B8%D0%BD%D0%B0%D0%BD%D1%81%D0%BE%D0%B2%D1%8B%D0%B9+%D0%BC%D0%B5%D0%BD%D0%B5%D0%B4%D0%B6%D0%B5%D1%80&hhtmFrom=vacancy_search_list
Финансовый менеджер,VICTORY group,от 120 000 ₽ на руки,https://hh.ru/vacancy/103035348?query=%D1%84%D0%B8%D0%BD%D0%B0%D0%BD%D1%81%D0%BE%D0%B2%D1%8B%D0%B9+%D0%BC%D0%B5%D0%BD%D0%B5%D0%B4%D0%B6%D0%B5%D1%80&hhtmFrom=vacancy_search_list
Финансовый менеджер / Экономист,ООО СТУДИЯ ЛУКФИЛЬМ,70 000 – 100 000 ₽ на руки,https://hh.ru/vacancy/103799964?query=%D1%84%D0%B8%D0%BD%D0%B0%D0%BD%D1%81%D0%BE%D0%B2%D1%8B%D0%B9+%D0%BC%D0%B5%D0%BD%D0%B5%D0%B4%D0%B6%D0%B5%D1%80&hhtmFrom=vacancy_search_list
